
INSERT INTO Korisnik (id,ime, prezime, korisnicko_ime, mejl, telefon, lozinka, datum_rodjenja, slika, opis_korisnika, uloga, blokiran)
    VALUES (1000,'Aleksandar', 'Aleksić', 'aleksa92', 'aleksandar@gmail.com', '060123456', 'lozinka123', '1992-05-20 12:56:12', 'slika1.jpg', 'ljubazan', 'KUPAC', false);
INSERT INTO Korisnik (id,ime, prezime, korisnicko_ime, mejl, telefon, lozinka, datum_rodjenja, slika, opis_korisnika, uloga, blokiran)
    VALUES (2000,'Mila', 'Milic', 'mila12', 'mila@gmail.com', '0664444', 'milalala', '2003-05-20 21:01:48', 'slika2.jpg', 'iskusan', 'PRODAVAC', false);
INSERT INTO Korisnik (id,ime, prezime, korisnicko_ime, mejl, telefon, lozinka, datum_rodjenja, slika, opis_korisnika, uloga, blokiran)
    VALUES (3000,'Petar', 'Markovic', 'peki001', 'petar@gmail.com', '062335514', 'password', '2000-08-15 10:17:29', 'slika3.jpg', 'neiskusan', 'PRODAVAC', true);
INSERT INTO Korisnik (id,ime, prezime, korisnicko_ime, mejl, telefon, lozinka, datum_rodjenja, slika, opis_korisnika, uloga, blokiran)
    VALUES (4000,'Stefan', 'Nikolic', 'Stefa3', 'stefan@gmail.com', '063588966', 'Lozinka1', '2003-11-29 19:39:56', 'slika4.jpg', 'profesionalan', 'ADMINISTRATOR', false);
INSERT INTO Korisnik (id,ime, prezime, korisnicko_ime, mejl, telefon, lozinka, datum_rodjenja, slika, opis_korisnika, uloga, blokiran)
    VALUES (5000,'Sinisa', 'Vucic', 'snisa', 'sinisa@gmail.com', '065822326', 'snile', '1990-05-17 16:23:47', 'slika5.jpg', 'pouzdan', 'KUPAC', false);
INSERT INTO Korisnik (id,ime, prezime, korisnicko_ime, mejl, telefon, lozinka, datum_rodjenja, slika, opis_korisnika, uloga, blokiran)
    VALUES (6000,'Darko', 'Lazic', 'dare99', 'darko@gmail.com', '066698235', 'bivsa121', '1991-10-19 08:59:00', 'slika6.jpg', 'iskusan', 'PRODAVAC', false);
INSERT INTO Korisnik (id,ime, prezime, korisnicko_ime, mejl, telefon, lozinka, datum_rodjenja, slika, opis_korisnika, uloga, blokiran)
    VALUES (7000,'Sasa', 'Vuksanovic', 'cale', 'sasa@gmail.com', '062359487', 'cale123', '1986-03-28 02:21:22', 'slika7.jpg', 'proveren', 'KUPAC', false);

INSERT INTO Recenzija (ocena, komentar, datum_recenzije, korisnik_koji_je_dao_recenziju_id)
    VALUES (4, 'zadovoljan', '2021-02-10 19:54:03', 1000);
INSERT INTO Recenzija (ocena, komentar, datum_recenzije, korisnik_koji_je_dao_recenziju_id)
    VALUES (5, 'sve preporuke', '2022-03-21 21:39:47', 5000);
INSERT INTO Recenzija (ocena, komentar, datum_recenzije, korisnik_koji_je_dao_recenziju_id)
    VALUES (1, 'proizvod stigao u losem stanju', '2022-04-03 17:20:06', 1000);
INSERT INTO Recenzija (ocena, komentar, datum_recenzije, korisnik_koji_je_dao_recenziju_id)
    VALUES (4, '10/10', '2022-03-22 13:35:24', 7000);

INSERT INTO prijava_profila(razlog_prijave, datum_podnosenja_prijave, status_prijave, podnosioc_prijave_id, prijavljeni_korisnik_id)
    VALUES ('ne postuje dogovor', '2023-02-10 18:25:48', 'ODBIJENA', 1000, 3000);
INSERT INTO prijava_profila(razlog_prijave, datum_podnosenja_prijave, status_prijave, podnosioc_prijave_id, prijavljeni_korisnik_id)
    VALUES ('prodao mi je pokvaren proizvod', '2023-11-13 20:56:41', 'PODNETA', 5000, 2000);
INSERT INTO prijava_profila(razlog_prijave, datum_podnosenja_prijave, status_prijave, podnosioc_prijave_id, prijavljeni_korisnik_id)
    VALUES ('prevarant', '2023-08-14 10:56:31', 'PRIHVACENA', 1000, 3000);

INSERT INTO Kupac(id, prosecna_ocena) VALUES (1000, 4.5);
INSERT INTO Kupac(id, prosecna_ocena) VALUES (5000, 4.7);
INSERT INTO Kupac(id, prosecna_ocena) VALUES (7000, 4.1);

INSERT INTO Prodavac(id, prosecna_ocena) VALUES(2000, 3.2);
INSERT INTO Prodavac(id, prosecna_ocena) VALUES(3000, 2.1);
INSERT INTO Prodavac(id, prosecna_ocena) VALUES(6000, 4.4);


INSERT INTO Proizvod (cena, prodat, recenzija_kupac, recenzija_prodavac, datum_objavljivanja, id, kupac_id, prodavac_id, naziv,
                      opis, slika_proizvoda, tip_prodaje) VALUES (2200, false, false, false, '2020-06-12 22:03:48', 1 ,1000, 2000, 'tiganj',
                                                                  'metalac', 'metalac.jpg', 'AUKCIJA');
INSERT INTO Proizvod (cena, prodat, recenzija_kupac, recenzija_prodavac, datum_objavljivanja, id, prodavac_id, naziv,
                      opis, slika_proizvoda, tip_prodaje) VALUES (100000, false, false, true, '2019-08-21 19:20:36', 2, 3000, 'automobil',
                                                                  'ford', 'ford.jpg', 'AUKCIJA');
INSERT INTO Proizvod (cena, prodat, recenzija_kupac, recenzija_prodavac, datum_objavljivanja, id, kupac_id, prodavac_id, naziv,
                      opis, slika_proizvoda, tip_prodaje) VALUES (4000, false, false, true, '2020-11-28 09:56:24', 3, 5000, 3000, 'akva busilica',
                                                                  'bosch', 'bosch.jpg', 'FIKSNA');
INSERT INTO Proizvod (cena, prodat, recenzija_kupac, recenzija_prodavac, datum_objavljivanja, id, kupac_id, prodavac_id, naziv,
                      opis, slika_proizvoda, tip_prodaje) VALUES (40000, true, true, false, '2018-03-30 20:13:44', 4, 7000, 2000, 'laptop',
                                                                  'lenovo', 'lenovo.jpg', 'FIKSNA');
INSERT INTO Proizvod (cena, prodat, recenzija_kupac, recenzija_prodavac, datum_objavljivanja, id, kupac_id, prodavac_id, naziv,
                      opis, slika_proizvoda, tip_prodaje) VALUES (80000, false, false, true, '2019-01-14 16:11:06', 5, 1000, 3000, 'telefon',
                                                                  'samsung', 'samsung.jpg', 'FIKSNA');
INSERT INTO Proizvod (cena, prodat, recenzija_kupac, recenzija_prodavac, datum_objavljivanja, id, kupac_id, prodavac_id, naziv,
                      opis, slika_proizvoda, tip_prodaje) VALUES (2100, false, true, false, '2020-06-12 22:03:48', 6, 5000, 2000, 'serpa',
                                                                  'metalac', 'metalac2.jpg', 'FIKSNA');
INSERT INTO Proizvod (cena, prodat, recenzija_kupac, recenzija_prodavac, datum_objavljivanja, id, kupac_id, prodavac_id, naziv,
                      opis, slika_proizvoda, tip_prodaje) VALUES (90000, false, false, true, '2019-01-14 16:11:06', 7, 1000, 3000, 'telefon samsungA50',
                                                                  'samsung A50 crni', 'samsung2.jpg', 'FIKSNA');


INSERT INTO Ponuda (cena, proizvod_id, kupac_koji_daje_ponudu_id)VALUES (8000, 2, 1000);
INSERT INTO Ponuda (cena, proizvod_id, kupac_koji_daje_ponudu_id)VALUES (40000, 3, 7000);
INSERT INTO Ponuda (cena, proizvod_id, kupac_koji_daje_ponudu_id)VALUES (4000, 3, 5000);
INSERT INTO Ponuda (cena, proizvod_id, kupac_koji_daje_ponudu_id)VALUES (100000, 4, 1000);
INSERT INTO Ponuda (cena, proizvod_id, kupac_koji_daje_ponudu_id)VALUES (2200, 5, 5000);


INSERT INTO Kategorija (id, naziv_kategorije) VALUES (1000, 'telefoni');
INSERT INTO Kategorija (id, naziv_kategorije) VALUES (2000, 'laptopovi');
INSERT INTO Kategorija (id, naziv_kategorije) VALUES (3000, 'alat');
INSERT INTO Kategorija (id, naziv_kategorije) VALUES (4000, 'automobili');
INSERT INTO Kategorija (id, naziv_kategorije) VALUES (5000, 'kuhinja');

INSERT INTO Proizvod_kategorija (proizvod_id, kategorija_id) VALUES (5, 1000);
INSERT INTO Proizvod_kategorija (proizvod_id, kategorija_id) VALUES (7, 1000);
INSERT INTO Proizvod_kategorija (proizvod_id, kategorija_id) VALUES (4, 2000);
INSERT INTO Proizvod_kategorija (proizvod_id, kategorija_id) VALUES (3, 3000);
INSERT INTO Proizvod_kategorija (proizvod_id, kategorija_id) VALUES (2, 4000);
INSERT INTO Proizvod_kategorija (proizvod_id, kategorija_id) VALUES (1, 5000);


